member_id,survey_date,rating,comments
M1000,2025-05-03,4,Understand vote sit late change avoid strategy they building best.
M1001,2025-05-11,1,Those themselves most water body sort cut.
M1002,2025-03-13,1,Quite raise no assume bar.
M1003,2025-05-07,2,Goal behind sort action.
M1004,2025-03-05,3,Phone standard training seem author entire son manager same trip member.
M1005,2025-06-16,1,Question rock perform health letter hard ok have.
M1006,2025-02-19,4,Write standard knowledge short foot too same I force.
M1007,2025-04-06,3,Teacher future first commercial rich occur according region.
M1008,2025-02-26,3,More sense quite public yet.
M1009,2025-02-17,3,Worry first grow first relationship.
M1010,2025-04-19,5,Write audience mention use buy standard population stop blue red.
M1011,2025-01-26,3,Involve happen cup brother price miss get according.
M1012,2025-03-18,2,Business they body inside improve ground short anyone.
M1013,2025-05-03,5,Beautiful tough simply executive become choose hope store attorney.
M1014,2025-02-20,2,Ten court until hit magazine.
M1015,2025-06-02,2,When cultural attorney direction senior what.
M1016,2025-06-10,4,Cause all under company explain view walk factor at international fire.
M1017,2025-06-14,3,Serve one stand again president garden test customer safe local weight.
M1018,2025-04-01,5,Feeling course letter fly media.
M1019,2025-02-23,4,Chance out development thing very side also thousand key who.
M1020,2025-05-27,1,Simply option image trade government few.
M1021,2025-05-19,1,Career sure part green white ball respond especially apply.
M1022,2025-01-12,2,Make trade indeed box much instead station four dinner face.
M1023,2025-01-09,1,Role generation everyone blue to since skin significant since option.
M1024,2025-06-08,2,Goal begin interest often phone air wind wrong somebody.
M1025,2025-02-04,4,More society push high around free have seven.
M1026,2025-06-09,4,Smile despite special specific give green care.
M1027,2025-05-14,3,Tend whole mission discover figure establish agreement.
M1028,2025-06-18,3,And federal rule total American friend morning.
M1029,2025-03-10,3,Special sense offer late report evidence it well low.
M1030,2025-03-13,1,Whether build difference question because final people.
M1031,2025-03-17,1,Money that total number carry little example million team.
M1032,2025-02-02,5,Analysis tax who data among produce positive prove.
M1033,2025-01-18,2,Card local success paper necessary tend edge.
M1034,2025-03-29,3,Short teach television operation brother.
M1035,2025-05-10,1,Both traditional rule couple page green kind activity my.
M1036,2025-03-19,2,Term house line to degree.
M1037,2025-02-07,5,Mrs interview commercial cover east two purpose often.
M1038,2025-06-11,2,Mrs young discussion career listen speak instead letter.
M1039,2025-03-28,4,Cell question suddenly could PM play raise.
M1040,2025-01-25,4,Several practice safe imagine system.
M1041,2025-05-23,1,Clearly story tend final point show position point direction until.
M1042,2025-03-04,2,Control suggest key do body watch entire war writer.
M1043,2025-01-19,4,Term now such piece.
M1044,2025-06-01,5,Budget color hot lay.
M1045,2025-04-05,2,Area always area up image ability way week central.
M1046,2025-06-09,4,Heart group course very tend piece through.
M1047,2025-04-15,4,Citizen environment involve pass listen.
M1048,2025-03-27,4,Claim test follow customer city standard keep.
M1049,2025-02-23,1,Available shoulder little skill institution.
